methods,LV,Bruss,Pollution,PKPD
Forward-Mode DSAAD,0.1723080778888889,0.507060664,0.051633891,2.455425853
Reverse-Mode DSAAD,0.29760401133333336,46.951355628,5.056864749,135.361363083
CASA User-Jacobian,0.47017532977777776,0.849600664,0.82303044,50.889542642
CASA AD-Jacobian,0.4716275472222223,0.57566986,0.717073429,52.925352131
CASA AD-Jv seeding,3.4996853041111113,31.085845061,34.85134745,1110.291422395
Numerical Differentiation,0.12859030777777777,7.650517633,0.284651916,11.053203605
