methods,LV,Bruss,Pollution,PKPD
Forward-Mode DSAAD,0.000228866,0.662879312,0.0100489,0.005208767
Reverse-Mode DSAAD,0.003070179,11.920411761,0.908835939,0.194592577
CASA User-Jacobian,0.006890686,0.483737137,2.312576586,0.034507911
CASA AD-Jacobian,0.007137929,0.958094736,3.241537614,0.034447792
CASA AD-Jv seeding,0.007680753,1.813290637,7.326907131,0.049195784
Numerical Differentiation,0.001116819,4.189437839,0.052316983,0.031167917
