methods,LV,Bruss,Pollution,PKPD
Forward-Mode DSAAD,0.07707192933333334,2.258381165,0.05425793,0.279045827
Reverse-Mode DSAAD,0.23736102255555552,29.417761144,6.001973298,23.652775773
CASA User-Jacobian,1.3632928271111107,9.872783848,1.760747797,0.848521349
CASA AD-Jacobian,1.3562094997777778,30.609154007,2.640903042,0.888556511
CASA AD-Jv seeding,1.4289692454444445,25.131147742,7.585304844,1.361014673
Numerical Differentiation,0.41967355044444443,18.966724364,0.282918031,0.303656601
