methods,LV,Bruss,Pollution,PKPD
Forward-Mode DSAAD,0.000212057,0.656576321,0.00898331,0.00438341
Reverse-Mode DSAAD,0.003176238,8.514495849,0.582689699,0.34572545
CASA User-Jacobian,0.005747998,1.409850061,7.356062188,0.019848465
CASA AD-Jacobian,0.0059331,2.863162108,10.676793985,0.019742877
CASA AD-Jv seeding,0.047417478,121.26786333,551.348381641,0.462452703
Numerical Differentiation,0.001051243,4.301941256,0.060620884,0.025591583
