methods,LV,Bruss,Pollution,PKPD
Forward-Mode DSAAD,0.058839871555555555,1.764360391,0.053072752,0.25698757
Reverse-Mode DSAAD,0.18470398,20.561212404,4.475872013,20.351772317
CASA User-Jacobian,1.1447593618888887,9.186179292,1.780371253,0.761382195
CASA AD-Jacobian,1.1538897357777778,28.894712472,2.490713151,0.815306056
CASA AD-Jv seeding,1.2168719637777778,24.107846691,6.77408772,1.246852884
Numerical Differentiation,0.30021502377777776,17.057403744,0.305835202,0.271228718
