methods,LV,Bruss,Pollution,PKPD
Forward-Mode DSAAD,0.000146426,0.448481964,0.007089721,0.001125682
Reverse-Mode DSAAD,0.011902784,11.332685162,0.325753837,0.057689729
CASA User-Jacobian,0.006596431,0.522972104,3.737927269,0.068374375
CASA AD-Jacobian,0.006694319,0.989258168,5.091454888,0.069076803
CASA AD-Jv seeding,0.012366189,14.325220744,68.133398093,0.197335866
Numerical Differentiation,0.000645212,3.414258982,0.048680526,0.005808468
