methods,LV,Bruss,Pollution,PKPD
Forward-Mode DSAAD,0.000140925,0.831190286,0.009252529,0.001620697
Reverse-Mode DSAAD,0.003036482,18.171184962,0.97860792,0.053666879
CASA User-Jacobian,0.004019341,0.659728154,1.584589663,0.030319186
CASA AD-Jacobian,0.004226132,4.276366571,2.383296241,0.03144834
CASA AD-Jv seeding,0.00490755,2.808588983,6.609549222,0.048445557
Numerical Differentiation,0.000674127,5.994437488,0.036919195,0.007596275
