methods,LV,Bruss,Pollution,PKPD
Compile-time CSA,2.9641e-5,2.349597232,0.431380777,0.009012695
DSA,9.4728e-5,0.01675188,0.008281622,0.00503609
CSA user-Jacobian,0.000183595,3.92389596,0.725549405,0.011663386
AD-Jacobian,0.000260661,3.050717966,0.945091101,0.012352927
AD-Jv seeding,0.000215425,3.803967532,0.888089818,0.023713034
Numerical Differentiation,0.000470691,0.142408158,0.060627198,0.019664543
