methods,LV,Bruss,Pollution,PKPD
Compile-time CSA,0.06540198244444445,18.735035243,2.834828259,0.084633935
DSA,0.06774348077777777,2.211935595,0.05415406,0.293946216
CSA user-Jacobian,0.10931894055555556,82.638662189,4.420766737,0.163878101
CSA AD-Jacobian,0.1045351121111111,376.585482337,4.334291988,0.233004848
CSA AD-Jv seeding,0.09404367933333332,376.674506133,4.03380034,0.232415276
Numerical Differentiation,0.05942714966666666,18.734395738,0.287055731,0.308221792
