methods,LV,Bruss,Pollution,PKPD
Compile-time CSA,5.5143e-5,71.520314712,0.478922607,0.0
DSA,0.000104208,0.491127296,0.015590464,0.001406169
CSA user-Jacobian,0.000169631,97.060745402,0.548303244,0.004675605
AD-Jacobian,0.000248401,102.152663072,0.594395057,0.005127133
AD-Jv seeding,0.000210029,104.73108129,0.546104959,0.005729981
Numerical Differentiation,0.000623894,4.141100903,0.043917972,0.012665663
