methods,LV
Compile-time CSA,0.021874166222222227
DSA,0.017365519777777776
CSA user-Jacobian,0.029483629666666664
CSA AD-Jacobian,0.03110490822222222
CSA AD-Jv seeding,0.030091959111111108
Numerical Differentiation,0.21008305722222223
