methods,LV,Bruss,Pollution,PKPD
Compile-time CSA,3.3187e-5,89.096444475,0.541233136,0.005650215
DSA,0.000110622,0.802978442,0.014395033,0.00232823
CSA user-Jacobian,0.000171639,236.840031219,0.7113964,0.007224591
AD-Jacobian,0.000263205,293.855238768,0.812349814,0.007471647
AD-Jv seeding,0.000220576,805.215675368,0.705683301,0.014469375
Numerical Differentiation,0.000531855,5.634777862,0.033713884,0.014900474
