methods,LV,Bruss,Pollution,PKPD
Compile-time CSA,0.13124953877777779,29.154451479,2.776620749,NA
DSA,0.12461307433333332,0.617323152,0.064851616,2.065324686
CSA user-Jacobian,0.16209260488888888,47.713837153,4.051124558,3.771108077
CSA AD-Jacobian,0.15207405688888892,56.50951656,3.920537185,6.269072735
CSA AD-Jv seeding,0.15889655833333333,56.27629651,3.693768259,6.249295036
Numerical Differentiation,0.11120282511111111,3.42593629,0.294863316,8.87260166
