methods,LV,Bruss,Pollution,PKPD
Compile-time CSA,3.7463e-5,78.746706548,1.843106257,0.009422642
DSA,0.000121317,0.640776255,0.014081556,0.005636783
CSA user-Jacobian,0.000247881,127.035412407,2.075123247,0.011919587
AD-Jacobian,0.000361608,139.606924123,2.174298239,0.012267099
AD-Jv seeding,0.000284184,147.719163934,2.078963926,0.023814656
Numerical Differentiation,0.000562783,7.881162226,0.041922638,0.020050339
