methods,LV,Bruss,Pollution,PKPD
Compile-time CSA,9.2105e-5,119.865585194,0.0,0.0
DSA,0.000173835,1.939581879,0.012228662,0.002660489
CSA user-Jacobian,0.000429107,727.380557755,0.57231565,0.017257066
AD-Jacobian,0.000997805,168.383496342,0.629224069,0.013678553
AD-Jv seeding,0.000881382,189.320249016,0.507760267,0.008455883
Numerical Differentiation,0.000807159,1.58487903,0.024926131,0.017382662
