methods,LV,Bruss,Pollution,PKPD
Compile-time CSA,0.05652994433333333,55.813567517,9.88851351,0.097851693
DSA,0.05873321211111112,1.791478296,0.053901999,0.27175809
CSA user-Jacobian,0.07867167444444446,107.437279599,11.135251088,0.129634597
CSA AD-Jacobian,0.071883097,355.046801171,11.010309445,0.223693529
CSA AD-Jv seeding,0.07338992688888887,355.15032631,10.835739691,0.214147772
Numerical Differentiation,0.045814348444444444,16.373369271,0.303877248,0.281581505
