methods,LV,Bruss,Pollution,PKPD
Compile-time CSA,5.6003e-5,87.190523104,0.520955505,NA
DSA,0.000122888,0.649737875,0.014730178,0.00164166
CSA user-Jacobian,0.000176727,136.2411386,0.710238332,0.00474569
AD-Jacobian,0.000286157,150.917623649,0.810233163,0.00520354
AD-Jv seeding,0.000229151,159.528199659,0.708609055,0.00565943
Numerical Differentiation,0.000670642,3.947791496,0.036073951,0.0123495
