methods,LV,Bruss,Pollution,PKPD
Compile-time CSA,4.6429e-5,77.070563986,0.0,0.0
DSA,7.5738e-5,1.123540797,0.016395786,0.001143258
CSA user-Jacobian,0.000159046,175.677507543,1.09941716,0.00963212
AD-Jacobian,0.000353203,132.604083621,1.23855996,0.007713195
AD-Jv seeding,0.000284857,138.558531952,1.254224704,0.008374245
Numerical Differentiation,0.000316242,0.665576932,0.031715236,0.004953037
