methods,LV
Compile-time CSA,0.045258825
DSA,0.048869251
CSA,0.115671058
